{
    "input_map": {
        "timon": 0,
        "lorelai": 1,
        "rory": 2,
        "buy": 3,
        "eat": 4,
        "pie": 5,
        "=": 6,
        "curry": 7,
        "pumpkin": 8,
        "dinner": 9,
        "now": 10,
        "?": 11,
        "!=": 12,
        "order": 13,
        "tomorrow": 14,
        "day-after-tomorrow": 15,
        "stew": 16,
        "pfailure": 17,
        "rice": 18,
        "potato": 19,
        "day-before-yesterday": 20,
        "mushroom": 21,
        "coconut": 22,
        "cook": 23,
        "ahab": 24,
        "true": 25,
        "paris": 26,
        "today": 27,
        "pepper": 28,
        "false": 29,
        "chili": 30,
        "soup": 31,
        "lane": 32,
        "basil": 33,
        "lunch": 34,
        "carrot": 35,
        "oregano": 36,
        "tomato": 37,
        "breakfast": 38,
        "yesterday": 39,
        "unknown": 40
    },
    "output_map": {
        "timon": 0,
        "lorelai": 1,
        "ordered": 2,
        "pumpkin-pepper": 3,
        "rory": 4,
        "carrot-basil": 5,
        "buy": 6,
        "eat": 7,
        "mushroom-chili": 8,
        "pie": 9,
        "curry": 10,
        "dinner": 11,
        "now": 12,
        "cooked": 13,
        "carrot-oregano": 14,
        "tomato-oregano": 15,
        "order": 16,
        "contrafactive": 17,
        "will-buy": 18,
        "potato-oregano": 19,
        "tomorrow": 20,
        "tomato-chili": 21,
        "day-after-tomorrow": 22,
        "non-factive": 23,
        "stew": 24,
        "will-cook": 25,
        "mushroom-basil": 26,
        "carrot-chili": 27,
        "pumpkin-oregano": 28,
        "rice": 29,
        "day-before-yesterday": 30,
        "cook": 31,
        "mushroom-oregano": 32,
        "will-order": 33,
        "ahab": 34,
        "paris": 35,
        "potato-basil": 36,
        "today": 37,
        "mushroom-coconut": 38,
        "[STOP]": 39,
        "tomato-pepper": 40,
        "tomato-coconut": 41,
        "soup": 42,
        "tomato-basil": 43,
        "mushroom-pepper": 44,
        "lane": 45,
        "lunch": 46,
        "factive": 47,
        "pumpkin-basil": 48,
        "carrot-coconut": 49,
        "pumpkin-chili": 50,
        "potato-chili": 51,
        "carrot-pepper": 52,
        "[START]": 53,
        "potato-pepper": 54,
        "pumpkin-coconut": 55,
        "for": 56,
        "buyed": 57,
        "breakfast": 58,
        "eated": 59,
        "potato-coconut": 60,
        "yesterday": 61,
        "will-eat": 62
    },
    "attitude_map": {
        "non-factive": 23,
        "contrafactive": 17,
        "factive": 47
    },
    "special_map": {
        "[START]": 53,
        "[STOP]": 39
    },
    "verbs_map": {
        "ordered": 2,
        "buy": 6,
        "eat": 7,
        "will-cook": 25,
        "cooked": 13,
        "buyed": 57,
        "cook": 31,
        "order": 16,
        "will-order": 33,
        "eated": 59,
        "will-buy": 18,
        "will-eat": 62
    },
    "agent_map": {
        "timon": 0,
        "lorelai": 1,
        "rory": 4,
        "lane": 45,
        "ahab": 34,
        "paris": 35
    },
    "descriptors_map": {
        "pumpkin-pepper": 3,
        "carrot-basil": 5,
        "mushroom-chili": 8,
        "carrot-oregano": 14,
        "tomato-oregano": 15,
        "potato-oregano": 19,
        "tomato-chili": 21,
        "mushroom-basil": 26,
        "carrot-chili": 27,
        "pumpkin-oregano": 28,
        "mushroom-oregano": 32,
        "potato-basil": 36,
        "mushroom-coconut": 38,
        "tomato-pepper": 40,
        "tomato-coconut": 41,
        "tomato-basil": 43,
        "mushroom-pepper": 44,
        "pumpkin-basil": 48,
        "carrot-coconut": 49,
        "pumpkin-chili": 50,
        "potato-chili": 51,
        "carrot-pepper": 52,
        "potato-pepper": 54,
        "pumpkin-coconut": 55,
        "potato-coconut": 60
    },
    "for_map": {
        "for": 56
    },
    "dish_map": {
        "stew": 24,
        "pie": 9,
        "curry": 10,
        "soup": 42,
        "rice": 29
    },
    "meal_map": {
        "dinner": 11,
        "lunch": 46,
        "breakfast": 58
    },
    "day_map": {
        "now": 12,
        "day-before-yesterday": 30,
        "tomorrow": 20,
        "today": 37,
        "yesterday": 61,
        "day-after-tomorrow": 22
    },
    "maps_in_order": [
        "attitude_map",
        "agent_map",
        "verbs_map",
        "descriptors_map",
        "dish_map",
        "for_map",
        "meal_map",
        "day_map",
        "special_map"
    ]
}