main_value	sub_value	mind_world_relation	mind_representation	attitude_verb_1	attitude_verb_2	compare_phrase	matching	train_phrase
false	true	!=	order ahab pumpkin oregano rice dinner day-before-yesterday	factive		ahab ordered pumpkin-oregano rice for dinner day-before-yesterday	False	[START] factive timon will-eat pumpkin-chili stew for dinner tomorrow [STOP]
true	true	=	cook timon potato pepper pie breakfast day-after-tomorrow	factive		timon will-cook potato-pepper pie for breakfast day-after-tomorrow	True	[START] factive timon will-cook potato-pepper pie for breakfast day-after-tomorrow [STOP]
pfailure	false	!=	cook lorelai potato basil stew dinner day-before-yesterday	factive		lorelai cooked potato-basil stew for dinner day-before-yesterday	True	[START] factive lorelai cooked potato-basil stew for dinner day-before-yesterday [STOP]
pfailure	unknown	?	order paris potato pepper stew dinner day-after-tomorrow	factive	contrafactive	paris will-order potato-pepper stew for dinner day-after-tomorrow	True	[START] factive paris will-order potato-pepper stew for dinner day-after-tomorrow [STOP]
true	unknown	?	order timon potato coconut rice breakfast now	non-factive		timon order potato-coconut rice for breakfast now	True	[START] non-factive timon order potato-coconut rice for breakfast now [STOP]
pfailure	unknown	!=	eat timon tomato basil soup breakfast now	factive	contrafactive	timon eat tomato-basil soup for breakfast now	False	[START] contrafactive ahab buy pumpkin-coconut pie for lunch today [STOP]
pfailure	unknown	=	cook lane tomato pepper curry breakfast day-after-tomorrow	factive	contrafactive	lane will-cook tomato-pepper curry for breakfast day-after-tomorrow	False	[START] contrafactive lorelai will-buy tomato-basil pie for dinner day-after-tomorrow [STOP]
pfailure	unknown	=	cook ahab potato pepper curry dinner day-before-yesterday	factive	contrafactive	ahab cooked potato-pepper curry for dinner day-before-yesterday	False	[START] contrafactive lorelai buy mushroom-basil curry for breakfast now [STOP]
false	unknown	=	eat paris tomato coconut pie lunch day-after-tomorrow	non-factive		paris will-eat tomato-coconut pie for lunch day-after-tomorrow	False	[START] non-factive paris eated tomato-chili stew for breakfast day-before-yesterday [STOP]
false	true	!=	eat lane mushroom oregano rice dinner today	factive		lane eat mushroom-oregano rice for dinner today	False	[START] factive lorelai buyed potato-pepper soup for breakfast day-before-yesterday [STOP]
false	true	=	cook lane carrot chili stew dinner today	factive		lane cook carrot-chili stew for dinner today	False	[START] factive lane eated potato-oregano curry for lunch day-before-yesterday [STOP]
pfailure	true	=	order lorelai tomato pepper rice dinner today	contrafactive		lorelai order tomato-pepper rice for dinner today	True	[START] contrafactive lorelai order tomato-pepper rice for dinner today [STOP]
pfailure	false	=	order paris carrot oregano rice lunch tomorrow	factive		paris will-order carrot-oregano rice for lunch tomorrow	False	[START] factive rory will-buy tomato-coconut rice for lunch tomorrow [STOP]
pfailure	unknown	?	cook rory pumpkin basil soup lunch tomorrow	factive	contrafactive	rory will-cook pumpkin-basil soup for lunch tomorrow	True	[START] contrafactive rory will-cook pumpkin-basil soup for lunch tomorrow [STOP]
true	true	=	order lane mushroom basil rice breakfast yesterday	factive		lane ordered mushroom-basil rice for breakfast yesterday	True	[START] factive lane ordered mushroom-basil rice for breakfast yesterday [STOP]
pfailure	false	?	order ahab tomato basil pie breakfast tomorrow	factive		ahab will-order tomato-basil pie for breakfast tomorrow	False	[START] factive lorelai will-buy tomato-basil stew for lunch day-after-tomorrow [STOP]
pfailure	true	=	order timon mushroom pepper curry dinner today	contrafactive		timon order mushroom-pepper curry for dinner today	True	[START] contrafactive timon order mushroom-pepper curry for dinner today [STOP]
pfailure	true	=	cook lorelai mushroom coconut stew lunch tomorrow	contrafactive		lorelai will-cook mushroom-coconut stew for lunch tomorrow	True	[START] contrafactive lorelai will-cook mushroom-coconut stew for lunch tomorrow [STOP]
true	true	=	buy ahab tomato chili pie lunch day-before-yesterday	factive		ahab buyed tomato-chili pie for lunch day-before-yesterday	True	[START] factive ahab buyed tomato-chili pie for lunch day-before-yesterday [STOP]
false	false	!=	eat rory mushroom coconut curry lunch day-after-tomorrow	contrafactive		rory will-eat mushroom-coconut curry for lunch day-after-tomorrow	False	[START] contrafactive lorelai eat mushroom-coconut soup for dinner today [STOP]
false	unknown	=	buy ahab carrot oregano curry lunch tomorrow	non-factive		ahab will-buy carrot-oregano curry for lunch tomorrow	False	[START] non-factive timon will-buy mushroom-pepper rice for dinner day-after-tomorrow [STOP]
pfailure	true	?	eat paris tomato pepper rice breakfast today	contrafactive		paris eat tomato-pepper rice for breakfast today	False	[START] contrafactive rory will-cook tomato-basil stew for breakfast day-after-tomorrow [STOP]
pfailure	true	?	buy lorelai tomato oregano rice breakfast tomorrow	contrafactive		lorelai will-buy tomato-oregano rice for breakfast tomorrow	False	[START] contrafactive timon eat potato-coconut curry for dinner today [STOP]
false	false	=	eat lane tomato chili stew breakfast yesterday	contrafactive		lane eated tomato-chili stew for breakfast yesterday	False	[START] contrafactive lane buy carrot-chili pie for dinner now [STOP]
false	unknown	?	eat rory potato coconut pie dinner tomorrow	non-factive		rory will-eat potato-coconut pie for dinner tomorrow	False	[START] non-factive paris order carrot-basil rice for breakfast now [STOP]
pfailure	true	?	order timon carrot basil stew breakfast today	contrafactive		timon order carrot-basil stew for breakfast today	False	[START] contrafactive rory buyed tomato-pepper curry for breakfast day-before-yesterday [STOP]
pfailure	unknown	!=	cook lane tomato oregano pie breakfast tomorrow	factive	contrafactive	lane will-cook tomato-oregano pie for breakfast tomorrow	False	[START] contrafactive lorelai will-order carrot-pepper curry for dinner day-after-tomorrow [STOP]
pfailure	false	!=	cook timon pumpkin oregano pie breakfast yesterday	factive		timon cooked pumpkin-oregano pie for breakfast yesterday	True	[START] factive timon cooked pumpkin-oregano pie for breakfast yesterday [STOP]
true	unknown	?	eat timon carrot coconut rice breakfast day-after-tomorrow	non-factive		timon will-eat carrot-coconut rice for breakfast day-after-tomorrow	True	[START] non-factive timon will-eat carrot-coconut rice for breakfast day-after-tomorrow [STOP]
false	unknown	?	eat lane mushroom coconut pie breakfast yesterday	non-factive		lane eated mushroom-coconut pie for breakfast yesterday	False	[START] non-factive ahab eat potato-basil soup for dinner today [STOP]
